feature,mean_treated,mean_control,std_mean_diff,abs_std_mean_diff,p_value,balanced
zip_code_Rural,0.1522035011967898,0.14732939078193935,0.01365900039927897,0.01365900039927897,0.1586036121107455,1.0
zip_code_Surburban,0.44590979490308347,0.4517506805594668,-0.01174335672606268,0.01174335672606268,0.22548632004406496,1.0
channel_Web,0.4453935326418548,0.4399230263775462,0.011013588354428299,0.011013588354428299,0.25564379315659924,1.0
channel_Phone,0.43366029943211154,0.4377640101379893,-0.008275992307117473,0.008275992307117473,0.39299728010697815,1.0
history,242.83593091472284,240.88265324321785,0.007612868321542611,0.007612868321542611,0.4320128894048077,1.0
womens,0.551415027925095,0.5476391626771802,0.007588929691887142,0.007588929691887142,0.4334622437258522,1.0
recency,5.773642464917633,5.749694921618324,0.006831532454259954,0.006831532454259954,0.480743269739732,1.0
mens,0.5509456985967053,0.5532244438186427,-0.004582325637487962,0.004582325637487962,0.6362421211904326,1.0
channel_Multichannel,0.1209461679260337,0.12231296348446447,-0.004181536419632754,0.004181536419632754,0.6660376057659968,1.0
zip_code_Urban,0.4018867039001267,0.4009199286585938,0.0019722315768513645,0.0019722315768513645,0.8386959351072683,1.0
newbie,0.5015253203172666,0.5019712756969867,-0.0008918953696535326,0.0008918953696535326,0.9266534965400259,1.0
