cost_per_contact,margin_rate,optimal_fraction,optimal_profit,treat_all_profit,profit_vs_random,beats_treat_all
0.01,0.15,0.75,2725.7236333756127,2290.9846102471683,1007.4717602321391,1.0
0.01,0.3,0.75,5771.647266751225,5008.899220494336,2014.9435204642778,1.0
0.01,0.5,0.75,9832.878777918708,8632.78536749056,3358.2392007737953,1.0
0.05,0.15,0.7,1463.8683029067288,583.2646102471681,1055.5844419169505,1.0
0.05,0.3,0.75,4490.847266751225,3301.1792204943363,2014.9435204642778,1.0
0.05,0.5,0.75,8552.078777918709,6925.065367490561,3358.2392007737963,1.0
0.1,0.15,0.45,156.67526105448292,-1551.385389752832,854.8041371683989,1.0
0.1,0.3,0.7,2927.7366058134576,1166.5292204943362,2111.168883833901,1.0
0.1,0.5,0.75,6951.0787779187085,4790.41536749056,3358.2392007737963,1.0
0.25,0.15,0.025,-39.78710423518004,-7955.335389752832,159.0357206041677,1.0
0.25,0.3,0.025,187.17579152963992,-5237.420779505664,318.0714412083354,1.0
0.25,0.5,0.7,2389.14434302243,-1613.5346325094397,3518.6148063898354,1.0
0.5,0.15,0.025,-306.53710423518004,-18628.585389752832,159.0357206041677,1.0
0.5,0.3,0.025,-79.57420847036008,-15910.670779505665,318.0714412083354,1.0
0.5,0.5,0.025,223.0429858827332,-12286.78463250944,530.1190686805589,1.0
1.0,0.15,0.025,-840.0371042351801,-39975.08538975283,159.03572060416764,1.0
1.0,0.3,0.025,-613.0742084703601,-37257.170779505665,318.0714412083354,1.0
1.0,0.5,0.025,-310.4570141172668,-33633.28463250944,530.1190686805589,1.0
