decile,n,n_treated,n_control,predicted_uplift,rate_treated,rate_control,observed_uplift,stderr,ci_low,ci_high,incremental_conversions
1.0,4262.0,2117.0,2145.0,0.029276330656049242,0.019367028814359942,0.007925407925407926,0.011441620888952016,0.003554814545465419,0.004474184379839795,0.018409057398064237,48.76418822871349
2.0,4262.0,2147.0,2115.0,0.016660375582704088,0.016301816488122962,0.005673758865248227,0.010628057622874734,0.00318378165056352,0.004387845587770236,0.016868269657979232,45.29678158869212
3.0,4262.0,2141.0,2121.0,0.011940608892329414,0.014012143858010275,0.005186232909005186,0.008825910949005089,0.0029808504198443127,0.002983444126110236,0.014668377771899943,37.61603246465969
4.0,4261.0,2106.0,2155.0,0.008755446701141114,0.008547008547008548,0.004176334106728539,0.004370674440280009,0.002440000368841367,-0.0004117262826490702,0.009153075163209089,18.623443790033118
5.0,4261.0,2169.0,2092.0,0.006394564970255937,0.010603964960811434,0.004302103250478011,0.006301861710333423,0.0026238595479436285,0.0011590969963639107,0.011444626424302936,26.852232747730714
6.0,4261.0,2101.0,2160.0,0.004386146729553708,0.006187529747739172,0.005555555555555556,0.0006319741921836158,0.002341910607331678,-0.003958170598186473,0.005222118982553705,2.692842032894387
7.0,4261.0,2128.0,2133.0,0.002536916416727308,0.012218045112781954,0.0046882325363338025,0.007529812576448152,0.002803401470014592,0.0020351456952195516,0.013024479457676753,32.08453138824557
8.0,4261.0,2123.0,2138.0,0.0005616402287118468,0.010833725859632595,0.00608044901777362,0.004753276841858975,0.0028061429950046774,-0.0007467634283501931,0.010253317112068143,20.253712623161093
9.0,4261.0,2133.0,2128.0,-0.0020637332746040763,0.011251758087201125,0.005169172932330827,0.006082585154870299,0.0027626613816235063,0.0006677688468882262,0.011497401462852372,25.91789534490234
10.0,4261.0,2142.0,2119.0,-0.010306378197741049,0.015873015873015872,0.008494572911750826,0.007378442961265046,0.0033567035624921778,0.0007993039787803774,0.013957581943749714,31.43954545795036
