fraction,n_targeted,incremental_conversions,incremental_revenue,contact_cost,incremental_profit,profit_per_contact,observed_uplift
0.025,1067.0,12.131475391404557,1513.0859717654664,106.7,347.22579152963993,0.3254224850324648,0.011369705146583465
0.05,2135.0,13.548851810441214,-403.3805345316931,213.5,-334.5141603595079,-0.15668110555480463,0.006346066421752325
0.075,3202.0,5.5879756591722325,-914.2642634761571,320.20000000000005,-594.4792790428471,-0.1856587379896462,0.0017451516736952631
0.1,4269.0,21.97985597299439,864.2197429001618,426.90000000000003,-167.6340771299515,-0.039267762269841064,0.00514871304122614
0.125,5337.0,25.419746454662658,1363.8654324426798,533.7,-124.54037026719612,-0.023335276422558764,0.00476292794728549
0.15,6404.0,28.06497034956305,1943.227041697877,640.4000000000001,-57.431887490636996,-0.008968127340824016,0.004382412609238453
0.175,7471.0,35.45289256198347,4730.700205234161,747.1,672.1100615702484,0.08996252999200219,0.004745401226339642
0.19999999999999998,8539.0,42.53726492365227,5535.716186735663,853.9000000000001,806.8148560206987,0.09448587141593848,0.004981527687510513
0.22499999999999998,9606.0,48.754923303149376,6387.096522034521,960.6,955.528956610356,0.09947209625342036,0.005075465678029292
0.24999999999999997,10673.0,56.59166012562177,7468.777332726474,1067.3,1173.3331998179422,0.10993471374664501,0.005302319884345711
0.27499999999999997,11741.0,55.04558233305807,7165.631563161109,1174.1000000000001,975.5894689483323,0.08309253632129565,0.004688321466064055
0.3,12808.0,60.92678682441747,7944.43622136951,1280.8000000000002,1102.530866410853,0.0860814230489423,0.00475693213807132
0.325,13875.0,66.84263969020473,8948.078035703867,1387.5,1296.9234107111602,0.09347195752873226,0.00481748754523998
0.35,14943.0,72.54692811469147,9478.592351070072,1494.3000000000002,1349.2777053210216,0.09029496789941924,0.004854910534343269
0.375,16010.0,72.6926332849161,9689.460434935783,1601.0,1305.838130480735,0.08156390571397469,0.004540451797933547
0.39999999999999997,17077.0,84.975566542153,11385.778231442737,1707.7,1708.033469432821,0.10001952740134808,0.004976024274881596
0.425,18145.0,88.51596539217638,11869.545885949567,1814.5,1746.3637657848699,0.0962449030468377,0.004878256566116086
0.45,19212.0,100.3782197831459,13852.501740363221,1921.2,2234.550522108966,0.11631014585201781,0.005224766801121481
0.475,20279.0,96.36700065690336,13474.08140828432,2027.9,2014.324422485296,0.09933055981484767,0.0047520588124120204
0.5,21346.0,100.17933858392419,13939.85091097115,2134.6,2047.3552732913454,0.09591283019260495,0.004693119956147484
0.5249999999999999,22414.0,102.43220079551547,12704.483638766618,2241.4,1569.9450916299852,0.07004305753680669,0.004570009850785914
0.5499999999999999,23481.0,104.02088336570854,13164.636454505744,2348.1,1601.2909363517233,0.0681951763703302,0.004430002272718732
0.575,24548.0,112.05668637193033,15006.552935762822,2454.8,2047.1658807288459,0.08339440609128425,0.00456479902118015
0.6,25616.0,117.77304121564002,16498.63249513506,2561.6000000000004,2387.989748540518,0.0932225854364662,0.004597635900048408
0.625,26683.0,127.83328428944017,17038.626638177087,2668.3,2443.287991453126,0.09156721476045145,0.004790813787409218
0.65,27750.0,131.73818061773028,17316.911254622264,2775.0,2420.0733763866792,0.08720985140132177,0.004747321824062353
0.6749999999999999,28818.0,143.3911033615753,18585.3809986099,2881.8,2693.8142995829694,0.0934767957381834,0.004975747913164525
0.7,29885.0,152.9293279798037,19720.78868604486,2988.5,2927.7366058134576,0.09796675943829539,0.005117260430978876
0.725,30952.0,155.4769445352419,19689.564820497115,3095.2000000000003,2811.669446149134,0.09083966936382572,0.005023163108530689
0.75,32020.0,157.70242712928282,20306.157555837417,3202.0,2889.847266751225,0.09025132001096893,0.0049251226461362535
0.7749999999999999,33087.0,142.48614756378058,18296.844489294905,3308.7000000000003,2180.3533467884713,0.06589758354605951,0.004306408787855671
0.7999999999999999,34154.0,136.69647376059643,18406.22864804912,3415.4,2106.4685944147354,0.06167560445086184,0.004002356203097629
0.825,35222.0,140.4305835300443,18635.76395663249,3522.2000000000003,2068.529186989747,0.05872832851597714,0.003987013330590094
0.85,36289.0,135.9525188240462,17799.548987630507,3628.9,1710.9646962891516,0.047148301035827705,0.003746383720247077
0.875,37356.0,138.19243521625424,18724.96499513914,3735.6000000000004,1881.889498541742,0.05037716828733649,0.0036993370600774773
0.8999999999999999,38424.0,143.969382461555,20389.69281139748,3842.4,2274.5078434192433,0.05919497822765051,0.0037468608802195243
0.9249999999999999,39491.0,136.16833238373522,19139.604185224864,3949.1000000000004,1792.7812555674582,0.045397210897861744,0.0034480851936829968
0.95,40558.0,130.5033483556635,18662.43991853775,4055.8,1542.931975561325,0.038042605048605085,0.0032176968380014668
0.975,41626.0,125.86835235940849,18039.25132927528,4162.6,1249.1753987825841,0.03000949884165147,0.0030237916773028515
1.0,42693.0,132.82037832076293,18119.43073498112,4269.3,1166.5292204943362,0.027323664780978994,0.003111057511085258
